{
  "records": [
    {
      "genome_version": "v2",
      "selection_regime": "bounded_hybrid",
      "runs_total": 30,
      "runtime_pass_rate": 1.0,
      "collapse_rate": 0.0,
      "trivial_strategy_rate": 0.07366666666666667,
      "diversity_index_final": 1.0,
      "functional_diversity_final": 0.9673333333333333,
      "final_max_fitness_mean": 0.7675243378939942,
      "final_max_accuracy_mean": 0.790234375,
      "mean_load": 2.3172285237782777,
      "mean_penalty": 0.023172285237782777,
      "legacy_baseline_fitness": 0.5531664379938884,
      "required_accuracy_to_beat_legacy": 0.5763387232316712,
      "feasible_growth": true
    },
    {
      "genome_version": "v2",
      "selection_regime": "energy_budget",
      "runs_total": 30,
      "runtime_pass_rate": 1.0,
      "collapse_rate": 0.0,
      "trivial_strategy_rate": 0.07366666666666667,
      "diversity_index_final": 1.0,
      "functional_diversity_final": 0.9673333333333333,
      "final_max_fitness_mean": 0.7511739270075247,
      "final_max_accuracy_mean": 0.790234375,
      "mean_load": 4.02731627499911,
      "mean_penalty": 0.04027316274999109,
      "legacy_baseline_fitness": 0.5531664379938884,
      "required_accuracy_to_beat_legacy": 0.5934396007438795,
      "feasible_growth": true
    },
    {
      "genome_version": "v2",
      "selection_regime": "legacy_linear_control",
      "runs_total": 30,
      "runtime_pass_rate": 1.0,
      "collapse_rate": 0.0,
      "trivial_strategy_rate": 0.07366666666666667,
      "diversity_index_final": 1.0,
      "functional_diversity_final": 0.9673333333333333,
      "final_max_fitness_mean": 0.5531664379938884,
      "final_max_accuracy_mean": 0.790234375,
      "mean_load": 26.714193992527623,
      "mean_penalty": 0.26714193992527624,
      "legacy_baseline_fitness": 0.5531664379938884,
      "required_accuracy_to_beat_legacy": 0.8203083779191647,
      "feasible_growth": true
    },
    {
      "genome_version": "v2",
      "selection_regime": "maintenance_cost",
      "runs_total": 30,
      "runtime_pass_rate": 1.0,
      "collapse_rate": 0.0,
      "trivial_strategy_rate": 0.07366666666666667,
      "diversity_index_final": 1.0,
      "functional_diversity_final": 0.9673333333333333,
      "final_max_fitness_mean": 0.7842233238564855,
      "final_max_accuracy_mean": 0.790234375,
      "mean_load": 0.6071407725574459,
      "mean_penalty": 0.006071407725574459,
      "legacy_baseline_fitness": 0.5531664379938884,
      "required_accuracy_to_beat_legacy": 0.5592378457194629,
      "feasible_growth": true
    },
    {
      "genome_version": "v2",
      "selection_regime": "no_penalty_diagnostic",
      "runs_total": 30,
      "runtime_pass_rate": 1.0,
      "collapse_rate": 0.0,
      "trivial_strategy_rate": 0.07366666666666667,
      "diversity_index_final": 1.0,
      "functional_diversity_final": 0.9673333333333333,
      "final_max_fitness_mean": 0.790234375,
      "final_max_accuracy_mean": 0.790234375,
      "mean_load": 26.714193992527623,
      "mean_penalty": 0.0,
      "legacy_baseline_fitness": 0.5531664379938884,
      "required_accuracy_to_beat_legacy": 0.5531664379938884,
      "feasible_growth": true
    },
    {
      "genome_version": "v2",
      "selection_regime": "resource_allocation",
      "runs_total": 30,
      "runtime_pass_rate": 1.0,
      "collapse_rate": 0.0,
      "trivial_strategy_rate": 0.07366666666666667,
      "diversity_index_final": 1.0,
      "functional_diversity_final": 0.9673333333333333,
      "final_max_fitness_mean": 0.7501561287463149,
      "final_max_accuracy_mean": 0.790234375,
      "mean_load": 4.135688024848745,
      "mean_penalty": 0.04135688024848746,
      "legacy_baseline_fitness": 0.5531664379938884,
      "required_accuracy_to_beat_legacy": 0.5945233182423759,
      "feasible_growth": true
    }
  ]
}