architecture,final_max_accuracy_mean,final_max_fitness_mean,final_max_complexity_mean,penalty_mean,theoretical_max_fitness,required_accuracy_to_beat_v1,feasibility_flag,feasibility_reason
v1_speciation,nan,0.7881661019442968,nan,nan,nan,nan,False,insufficient_complexity_data
v1_5,0.8117838541666667,0.7637578865767252,13.950665321506293,0.13950665321506292,0.860493346784937,0.9276727551593598,True,required_accuracy<=1.0
v2,0.790234375,0.5531664379938884,34.19378741318382,0.3419378741318382,0.6580621258681618,1.130103976076135,False,required_accuracy>1.0
v2_prior,0.790234375,0.5531664379938884,34.19378741318382,0.3419378741318382,0.6580621258681618,1.130103976076135,False,required_accuracy>1.0
v2_staged,0.7884765625,0.5524726487966959,34.189465763975186,0.34189465763975185,0.6581053423602481,1.1300607595840486,False,required_accuracy>1.0
