{
  "level": "gate",
  "pilot": "gpu",
  "mean_delta": 1.3836773342556412,
  "ci95_low": 0.947586063974027,
  "ci95_high": 1.8197686045372554,
  "negative_seed_rate": 0.16666666666666666,
  "negative_seeds": [
    1339,
    1342,
    1352,
    1356,
    1359
  ]
}